-- MySQL Script generated by MySQL Workbench
-- Wed Jun 10 19:17:31 2020
-- Model: New Model    Version: 1.0
-- MySQL Workbench Forward Engineering

SET @OLD_UNIQUE_CHECKS=@@UNIQUE_CHECKS, UNIQUE_CHECKS=0;
SET @OLD_FOREIGN_KEY_CHECKS=@@FOREIGN_KEY_CHECKS, FOREIGN_KEY_CHECKS=0;
SET @OLD_SQL_MODE=@@SQL_MODE, SQL_MODE='ONLY_FULL_GROUP_BY,STRICT_TRANS_TABLES,NO_ZERO_IN_DATE,NO_ZERO_DATE,ERROR_FOR_DIVISION_BY_ZERO,NO_ENGINE_SUBSTITUTION';

-- -----------------------------------------------------
-- Schema wypozyczalnia
-- -----------------------------------------------------

-- -----------------------------------------------------
-- Schema wypozyczalnia
-- -----------------------------------------------------
CREATE SCHEMA IF NOT EXISTS `wypozyczalnia` DEFAULT CHARACTER SET utf8 ; -- Tworzy baze danych o nazwie wypozyczalnia, jeśli taka nie istnieje
USE `wypozyczalnia`; -- Wybiera baze danych na której mają być wykonywane kolejne zapytania

--------------------------------------------------------
-- Table `wypozyczalnia`.`Salony`
-- -----------------------------------------------------
CREATE TABLE IF NOT EXISTS `wypozyczalnia`.`Salony` (
  `idSalonu` INT NOT NULL,
  `Miasto` VARCHAR(20) NOT NULL,
  `Ulica` VARCHAR(30) NOT NULL,
  `nrBudynku` INT NOT NULL,
  PRIMARY KEY (`idSalonu`)) -- Tworzy tabelę o nazwie salony z kluczem głównym idSalonu, jeśli taka nie istnieje
ENGINE = InnoDB;


-- -----------------------------------------------------
-- Table `wypozyczalnia`.`Pracownicy`
-- -----------------------------------------------------
CREATE TABLE IF NOT EXISTS `wypozyczalnia`.`Pracownicy` (
  `idPracownika` INT NOT NULL,
  `Imie` VARCHAR(15) NOT NULL,
  `Nazwisko` VARCHAR(25) NOT NULL,
  `PESEL` CHAR(11) NOT NULL,
  `idPrzelozonego` INT NULL,
  UNIQUE INDEX `PESEL_UNIQUE` (`PESEL` ASC) ,
  PRIMARY KEY (`idPracownika`)) -- Tworzy tabelę o nazwie pracownicy z kluczem głównym idPracownika oraz pozostałymi polami, jeśli taka nie istnieje
ENGINE = InnoDB;


-- -----------------------------------------------------
-- Table `wypozyczalnia`.`PracownicySalonu`
-- -----------------------------------------------------
CREATE TABLE IF NOT EXISTS `wypozyczalnia`.`PracownicySalonu` (
  `idPracownika` INT NOT NULL,
  `idSalonu` INT NOT NULL,
  INDEX `idPracownika_idx` (`idPracownika` ASC) ,
  INDEX `idSalonu_idx` (`idSalonu` ASC) ,
  CONSTRAINT `idPracownikaPS`
    FOREIGN KEY (`idPracownika`)
    REFERENCES `wypozyczalnia`.`Pracownicy` (`idPracownika`)
    ON DELETE NO ACTION
    ON UPDATE NO ACTION,	-- Tworzy klucz obcy idPracownikaPS wskazujący na pole idPracownika z tabeli pracownicy
  CONSTRAINT `idSalonuPS`
    FOREIGN KEY (`idSalonu`)
    REFERENCES `wypozyczalnia`.`Salony` (`idSalonu`)
    ON DELETE NO ACTION
    ON UPDATE NO ACTION )	-- Tworzy klucz obcy idSalonuPS wskazujący na pole idSalonu z tabeli Salony
							-- Tworzy tabelę o nazwie pracownicySalonu z dwoma kluczami obcymi idSalonu i idPracownika, jeśli taka nie istnieje
ENGINE = InnoDB;


-- -----------------------------------------------------
-- Table `wypozyczalnia`.`Producent`
-- -----------------------------------------------------
CREATE TABLE IF NOT EXISTS `wypozyczalnia`.`Producent` (
  `idProducent` INT NOT NULL,
  `Nazwa` VARCHAR(30) NOT NULL,
  PRIMARY KEY (`idProducent`))	-- Tworzy tabelę o nazwie producent z kluczem głównym idProducent oraz pozostałymi polami, jeśli taka nie istnieje
ENGINE = InnoDB;


-- -----------------------------------------------------
-- Table `wypozyczalnia`.`Samochody`
-- -----------------------------------------------------
CREATE TABLE IF NOT EXISTS `wypozyczalnia`.`Samochody` (
  `idSamochodu` INT NOT NULL,
  `Model` VARCHAR(45) NOT NULL,
  `Cena` DECIMAL(15,2) NOT NULL,
  `idProducenta` INT NOT NULL,
  PRIMARY KEY (`idSamochodu`),
  INDEX `idProducenta_idx` (`idProducenta` ASC) ,
  CONSTRAINT `idProducentaS`
    FOREIGN KEY (`idProducenta`)
    REFERENCES `wypozyczalnia`.`Producent` (`idProducent`)
    ON DELETE NO ACTION
    ON UPDATE NO ACTION)	-- Tworzy klucz obcy idProducentaS wskazujący na pole idProducent z tabeli Producent
ENGINE = InnoDB;
					-- Tworzy tabelę o nazwie Samochody z kluczem głównym idSamochodu, kluczem obcym idProducenta oraz pozostałymi polami, jeśli taka nie istnieje

-- -----------------------------------------------------
-- Table `wypozyczalnia`.`Klient`
-- -----------------------------------------------------
CREATE TABLE IF NOT EXISTS `wypozyczalnia`.`Klient` (
  `idKlienta` INT NOT NULL,
  `Imie` VARCHAR(15) NOT NULL,
  `Nazwisko` VARCHAR(25) NOT NULL,
  `PESEL` CHAR(11) NOT NULL,
  PRIMARY KEY (`idKlienta`),
  UNIQUE INDEX `PESEL_UNIQUE` (`PESEL` ASC) )	-- Tworzy tabelę o nazwie Klient z kluczem głównym idKlienta oraz pozostałymi polami, jeśli taka nie istnieje
ENGINE = InnoDB;


-- -----------------------------------------------------
-- Table `wypozyczalnia`.`WynajeteSamochody`
-- -----------------------------------------------------
CREATE TABLE IF NOT EXISTS `wypozyczalnia`.`WynajeteSamochody` (
  `idWynSamochodu` INT NOT NULL,
  `idSamochodu` INT NOT NULL,
  `idSalonu` INT NOT NULL,
  PRIMARY KEY (`idWynSamochodu`),
  INDEX `idSamochodu_idx` (`idSamochodu` ASC) ,
  INDEX `idSalonu_idx` (`idSalonu` ASC) ,
  CONSTRAINT `idSamochoduWS`
    FOREIGN KEY (`idSamochodu`)
    REFERENCES `wypozyczalnia`.`Samochody` (`idSamochodu`)
    ON DELETE NO ACTION
    ON UPDATE NO ACTION,	-- Tworzy klucz obcy idSamochoduWS wskazujący na pole idSamochodu z tabeli Samochody
  CONSTRAINT `idSalonuWS`
    FOREIGN KEY (`idSalonu`)
    REFERENCES `wypozyczalnia`.`Salony` (`idSalonu`)
    ON DELETE NO ACTION
    ON UPDATE NO ACTION)	-- Tworzy klucz obcy idSalonuWS wskazujący na pole idSalonu z tabeli Salony
ENGINE = InnoDB;			-- Tworzy tabelę o nazwie WynajeteSamochody z kluczem głównym idWynSamochodu,dwoma kluczami obcymi oraz pozostałymi polami, jeśli taka nie istnieje


-- -----------------------------------------------------
-- Table `wypozyczalnia`.`OkresWynajecia`
-- -----------------------------------------------------
CREATE TABLE IF NOT EXISTS `wypozyczalnia`.`OkresWynajecia` (
  `idWynSamochodu` INT NOT NULL,
  `dataWyn` DATE NOT NULL,
  `dataZak` DATE NOT NULL,
  INDEX `idWynSamochodu_idx` (`idWynSamochodu` ASC) ,
  CONSTRAINT `idWynSamochoduOW`
    FOREIGN KEY (`idWynSamochodu`)
    REFERENCES `wypozyczalnia`.`WynajeteSamochody` (`idWynSamochodu`)
    ON DELETE NO ACTION
    ON UPDATE NO ACTION)	-- Tworzy klucz obcy idWynSamochoduOW wzkazujący na pole idWynSamochodu z tabeli WynajeteSamochody
ENGINE = InnoDB;	-- Tworzy tabelę o nazwie OkresWynajecia z kluczem obcym idWynSamochodu oraz pozostałymi polami, jeśli taka nie istnieje


-- -----------------------------------------------------
-- Table `wypozyczalnia`.`Rezerwacje`
-- -----------------------------------------------------
CREATE TABLE IF NOT EXISTS `wypozyczalnia`.`Rezerwacje` (
  `idRezerwacji` INT NOT NULL,
  `idKlienta` INT NOT NULL,
  `idSamochodu` INT NOT NULL,
  `idSalonu` INT NOT NULL,
  PRIMARY KEY (`idRezerwacji`),
  INDEX `idKlienta_idx` (`idKlienta` ASC) ,
  INDEX `idSamochodu_idx` (`idSamochodu` ASC) ,
  INDEX `idSalonu_idx` (`idSalonu` ASC) ,
  CONSTRAINT `idKlientaR`
    FOREIGN KEY (`idKlienta`)
    REFERENCES `wypozyczalnia`.`Klient` (`idKlienta`)
    ON DELETE NO ACTION
    ON UPDATE NO ACTION,	-- Tworzy klucz obcy idKlientaR wzkazujący na pole idKlienta z tabeli Klient
  CONSTRAINT `idSamochoduR`
    FOREIGN KEY (`idSamochodu`)
    REFERENCES `wypozyczalnia`.`Samochody` (`idSamochodu`)
    ON DELETE NO ACTION
    ON UPDATE NO ACTION,	-- Tworzy klucz obcy idSamochoduR wzkazujący na pole idSamochodu z tabeli Samochody
  CONSTRAINT `idSalonuR`
    FOREIGN KEY (`idSalonu`)
    REFERENCES `wypozyczalnia`.`Salony` (`idSalonu`)
    ON DELETE NO ACTION
    ON UPDATE NO ACTION)	-- Tworzy klucz obcy idSalonuR wzkazujący na pole idSalonu z tabeli Salony
ENGINE = InnoDB;	-- Tworzy tabelę o nazwie Rezerwacje z kluczem głównym idRezerwacji oraz trzema kluczami obcymi, jeśli taka nie istnieje


-- -----------------------------------------------------
-- Table `wypozyczalnia`.`OplataRezerwacji`
-- -----------------------------------------------------
CREATE TABLE IF NOT EXISTS `wypozyczalnia`.`OplataRezerwacji` (
  `idRezerwacji` INT NOT NULL,
  `czyZaplacono` TINYINT(1) NOT NULL DEFAULT 0,
  INDEX `idRezerwacji_idx` (`idRezerwacji` ASC) ,
  CONSTRAINT `idRezerwacjiOR`
    FOREIGN KEY (`idRezerwacji`)
    REFERENCES `wypozyczalnia`.`Rezerwacje` (`idRezerwacji`)
    ON DELETE NO ACTION
    ON UPDATE NO ACTION)	-- Tworzy klucz obcy idRezerwacjiOR wzkazujący na pole idRezerwacji z tabeli Rezerwacje
ENGINE = InnoDB;	-- Tworzy tabelę o nazwie OplataRezerwacji z kluczem obcym idRezerwacji oraz polem typu binarnego, jeśli taka nie istnieje


-- -----------------------------------------------------
-- Table `wypozyczalnia`.`DostepnoscSamochodu`
-- -----------------------------------------------------
CREATE TABLE IF NOT EXISTS `wypozyczalnia`.`DostepnoscSamochodu` (
  `idSamochodu` INT NOT NULL,
  `idSalonu` INT NOT NULL,
  `Dostepnosc` TINYINT(1) NOT NULL DEFAULT 1,
  INDEX `idSamochodu_idx` (`idSamochodu` ASC) ,
  INDEX `idSalonu_idx` (`idSalonu` ASC) ,
  CONSTRAINT `idSamochoduDS`
    FOREIGN KEY (`idSamochodu`)
    REFERENCES `wypozyczalnia`.`Samochody` (`idSamochodu`)
    ON DELETE NO ACTION
    ON UPDATE NO ACTION,	-- Tworzy klucz obcy idSamochoduDS wzkazujący na pole idSamochodu z tabeli Samochody
  CONSTRAINT `idSalonuDS`
    FOREIGN KEY (`idSalonu`)
    REFERENCES `wypozyczalnia`.`Salony` (`idSalonu`)
    ON DELETE NO ACTION
    ON UPDATE NO ACTION)	-- Tworzy klucz obcy idSalonuDS wzkazujący na pole idSalonu z tabeli Salony
ENGINE = InnoDB;	-- Tworzy tabelę o nazwie DostepnoscSamochodu z dwoma kluczami obcymi oraz polem typu binarnego, jeśli taka nie istnieje


-- -----------------------------------------------------
-- Table `wypozyczalnia`.`PrzezKogoWynajete`
-- -----------------------------------------------------
CREATE TABLE IF NOT EXISTS `wypozyczalnia`.`PrzezKogoWynajete` (
  `idWynSamochodu` INT NOT NULL,
  `idKlienta` INT NOT NULL,
  INDEX `idWynSamochodu_idx` (`idWynSamochodu` ASC) ,
  INDEX `idKlienta_idx` (`idKlienta` ASC) ,
  CONSTRAINT `idWynSamochoduPKW`
    FOREIGN KEY (`idWynSamochodu`)
    REFERENCES `wypozyczalnia`.`WynajeteSamochody` (`idWynSamochodu`)
    ON DELETE NO ACTION
    ON UPDATE NO ACTION,	-- Tworzy klucz obcy idWynSamochoduPKW wzkazujący na pole idWynSamochodu z tabeli WynajeteSamochody
  CONSTRAINT `idKlientaPKW`
    FOREIGN KEY (`idKlienta`)
    REFERENCES `wypozyczalnia`.`Klient` (`idKlienta`)
    ON DELETE NO ACTION
    ON UPDATE NO ACTION)	-- Tworzy klucz obcy idKlientaPKW wzkazujący na pole idKlienta z tabeli Klient
ENGINE = InnoDB;	-- Tworzy tabelę o nazwie PrzezKogoWynajete z dwoma kluczami obcymi, jeśli taka nie istnieje


-- -----------------------------------------------------
-- Table `wypozyczalnia`.`DaneKontaktoweKlienta`
-- -----------------------------------------------------
CREATE TABLE IF NOT EXISTS `wypozyczalnia`.`DaneKontaktoweKlienta` (
  `idKlienta` INT NOT NULL,
  `nrTelefonu` CHAR(9) NOT NULL,
  `email` VARCHAR(50) NOT NULL,
  INDEX `idKlientaKontakt_idx` (`idKlienta` ASC) ,
  CONSTRAINT `idKlientaKontakt`
    FOREIGN KEY (`idKlienta`)
    REFERENCES `wypozyczalnia`.`Klient` (`idKlienta`)
    ON DELETE NO ACTION
    ON UPDATE NO ACTION)	-- Tworzy klucz obcy idKlientaKontakt wzkazujący na pole idKlienta z tabeli Klient
ENGINE = InnoDB;	-- Tworzy tabelę o nazwie DaneKontaktoweKlienta z kluczem obcym oraz pozostałymi polami, jeśli taka nie istnieje

-- -----------------------------------------------------
-- Table `wypozyczalnia`.`DaneKontaktowePracownika`
-- -----------------------------------------------------
CREATE TABLE IF NOT EXISTS `wypozyczalnia`.`DaneKontaktowePracownika` (
  `idPracownika` INT NOT NULL,
  `nrTelefonu` CHAR(9) NOT NULL,
  `email` VARCHAR(50) NOT NULL,
  INDEX `idPracownikaKontakt_idx` (`idPracownika` ASC) ,
  CONSTRAINT `idPracownikaKontakt`
    FOREIGN KEY (`idPracownika`)
    REFERENCES `wypozyczalnia`.`Pracownicy` (`idPracownika`)
    ON DELETE NO ACTION
    ON UPDATE NO ACTION)	-- Tworzy klucz obcy idPracownikaKontakt wzkazujący na pole idPracownika z tabeli Pracownicy
ENGINE = InnoDB;	-- Tworzy tabelę o nazwie DaneKontaktowePracownika z kluczem obcym oraz pozostałymi polami, jeśli taka nie istnieje


SET SQL_MODE=@OLD_SQL_MODE;
SET FOREIGN_KEY_CHECKS=@OLD_FOREIGN_KEY_CHECKS;
SET UNIQUE_CHECKS=@OLD_UNIQUE_CHECKS;

-- -----------------------------------------------------
-- Data for table `wypozyczalnia`.`Salony`
-- -----------------------------------------------------
START TRANSACTION;
USE `wypozyczalnia`;
INSERT INTO `wypozyczalnia`.`Salony` (`idSalonu`, `Miasto`, `Ulica`, `nrBudynku`) VALUES (1, 'Kafyr-Kumukh', 'Texas', 46); -- Wstawia Dane do tabeli Salony
INSERT INTO `wypozyczalnia`.`Salony` (`idSalonu`, `Miasto`, `Ulica`, `nrBudynku`) VALUES (2, 'Gombong', 'Springview', 71); -- Wstawia Dane do tabeli Salony
INSERT INTO `wypozyczalnia`.`Salony` (`idSalonu`, `Miasto`, `Ulica`, `nrBudynku`) VALUES (3, 'Arvika', 'Harper', 66); -- Wstawia Dane do tabeli Salony
INSERT INTO `wypozyczalnia`.`Salony` (`idSalonu`, `Miasto`, `Ulica`, `nrBudynku`) VALUES (4, 'Macaé', 'Summit', 39); -- Wstawia Dane do tabeli Salony
INSERT INTO `wypozyczalnia`.`Salony` (`idSalonu`, `Miasto`, `Ulica`, `nrBudynku`) VALUES (5, 'Kapatagan', 'Rigney', 61); -- Wstawia Dane do tabeli Salony
INSERT INTO `wypozyczalnia`.`Salony` (`idSalonu`, `Miasto`, `Ulica`, `nrBudynku`) VALUES (6, 'Bilad', 'Anhalt', 35); -- Wstawia Dane do tabeli Salony
INSERT INTO `wypozyczalnia`.`Salony` (`idSalonu`, `Miasto`, `Ulica`, `nrBudynku`) VALUES (7, 'Lebedinovka', '7th', 31); -- Wstawia Dane do tabeli Salony
INSERT INTO `wypozyczalnia`.`Salony` (`idSalonu`, `Miasto`, `Ulica`, `nrBudynku`) VALUES (8, 'Mailsi', 'Sunnyside', 32); -- Wstawia Dane do tabeli Salony
INSERT INTO `wypozyczalnia`.`Salony` (`idSalonu`, `Miasto`, `Ulica`, `nrBudynku`) VALUES (9, 'Charlottetown', 'Briar Crest', 12); -- Wstawia Dane do tabeli Salony
INSERT INTO `wypozyczalnia`.`Salony` (`idSalonu`, `Miasto`, `Ulica`, `nrBudynku`) VALUES (10, 'Łagów', 'Swallow', 9); -- Wstawia Dane do tabeli Salony

COMMIT;


-- -----------------------------------------------------
-- Data for table `wypozyczalnia`.`Pracownicy`
-- -----------------------------------------------------
START TRANSACTION;
USE `wypozyczalnia`;
INSERT INTO `wypozyczalnia`.`Pracownicy` (`idPracownika`, `Imie`, `Nazwisko`, `PESEL`, `idPrzelozonego`) VALUES (1, 'Rabbi', 'Bellsham', '83110924772', NULL); -- Wstawia Dane do tabeli Pracownicy
INSERT INTO `wypozyczalnia`.`Pracownicy` (`idPracownika`, `Imie`, `Nazwisko`, `PESEL`, `idPrzelozonego`) VALUES (2, 'Purcell', 'Hadwick', '69032887968',  1); -- Wstawia Dane do tabeli Pracownicy
INSERT INTO `wypozyczalnia`.`Pracownicy` (`idPracownika`, `Imie`, `Nazwisko`, `PESEL`, `idPrzelozonego`) VALUES (3, 'Minni', 'Crimmins', '93090514492',  1); -- Wstawia Dane do tabeli Pracownicy
INSERT INTO `wypozyczalnia`.`Pracownicy` (`idPracownika`, `Imie`, `Nazwisko`, `PESEL`, `idPrzelozonego`) VALUES (4, 'Brandtr', 'McAlroy', '72080574883',  1); -- Wstawia Dane do tabeli Pracownicy
INSERT INTO `wypozyczalnia`.`Pracownicy` (`idPracownika`, `Imie`, `Nazwisko`, `PESEL`, `idPrzelozonego`) VALUES (5, 'Josephine', 'McGrill', '58050584825',  1); -- Wstawia Dane do tabeli Pracownicy
INSERT INTO `wypozyczalnia`.`Pracownicy` (`idPracownika`, `Imie`, `Nazwisko`, `PESEL`, `idPrzelozonego`) VALUES (6, 'Allard', 'Dilleway', '98071531541',  1); -- Wstawia Dane do tabeli Pracownicy
INSERT INTO `wypozyczalnia`.`Pracownicy` (`idPracownika`, `Imie`, `Nazwisko`, `PESEL`, `idPrzelozonego`) VALUES (7, 'Hatty', 'Bendix', '55032548266',  1); -- Wstawia Dane do tabeli Pracownicy
INSERT INTO `wypozyczalnia`.`Pracownicy` (`idPracownika`, `Imie`, `Nazwisko`, `PESEL`, `idPrzelozonego`) VALUES (8, 'Martie', 'Alekhov', '88092087822',  1); -- Wstawia Dane do tabeli Pracownicy
INSERT INTO `wypozyczalnia`.`Pracownicy` (`idPracownika`, `Imie`, `Nazwisko`, `PESEL`, `idPrzelozonego`) VALUES (9, 'Bernadette', 'Driscoll', '52012012119',  1); -- Wstawia Dane do tabeli Pracownicy
INSERT INTO `wypozyczalnia`.`Pracownicy` (`idPracownika`, `Imie`, `Nazwisko`, `PESEL`, `idPrzelozonego`) VALUES (10, 'Drucie', 'Raun', '97111585458',  1); -- Wstawia Dane do tabeli Pracownicy

COMMIT;


-- -----------------------------------------------------
-- Data for table `wypozyczalnia`.`PracownicySalonu`
-- -----------------------------------------------------
START TRANSACTION;
USE `wypozyczalnia`;
INSERT INTO `wypozyczalnia`.`PracownicySalonu` (`idPracownika`, `idSalonu`) VALUES (1, 10); -- Wstawia Dane do tabeli PracownicySalonu
INSERT INTO `wypozyczalnia`.`PracownicySalonu` (`idPracownika`, `idSalonu`) VALUES (2, 9); -- Wstawia Dane do tabeli PracownicySalonu
INSERT INTO `wypozyczalnia`.`PracownicySalonu` (`idPracownika`, `idSalonu`) VALUES (3, 8); -- Wstawia Dane do tabeli PracownicySalonu
INSERT INTO `wypozyczalnia`.`PracownicySalonu` (`idPracownika`, `idSalonu`) VALUES (4, 7); -- Wstawia Dane do tabeli PracownicySalonu
INSERT INTO `wypozyczalnia`.`PracownicySalonu` (`idPracownika`, `idSalonu`) VALUES (5, 6); -- Wstawia Dane do tabeli PracownicySalonu
INSERT INTO `wypozyczalnia`.`PracownicySalonu` (`idPracownika`, `idSalonu`) VALUES (6, 5); -- Wstawia Dane do tabeli PracownicySalonu
INSERT INTO `wypozyczalnia`.`PracownicySalonu` (`idPracownika`, `idSalonu`) VALUES (7, 4); -- Wstawia Dane do tabeli PracownicySalonu
INSERT INTO `wypozyczalnia`.`PracownicySalonu` (`idPracownika`, `idSalonu`) VALUES (8, 3); -- Wstawia Dane do tabeli PracownicySalonu
INSERT INTO `wypozyczalnia`.`PracownicySalonu` (`idPracownika`, `idSalonu`) VALUES (9, 2); -- Wstawia Dane do tabeli PracownicySalonu
INSERT INTO `wypozyczalnia`.`PracownicySalonu` (`idPracownika`, `idSalonu`) VALUES (10, 1); -- Wstawia Dane do tabeli PracownicySalonu

COMMIT;


-- -----------------------------------------------------
-- Data for table `wypozyczalnia`.`Producent`
-- -----------------------------------------------------
START TRANSACTION;
USE `wypozyczalnia`;
INSERT INTO `wypozyczalnia`.`Producent` (`idProducent`, `Nazwa`) VALUES (1, 'Buick'); -- Wstawia Dane do tabeli Producent
INSERT INTO `wypozyczalnia`.`Producent` (`idProducent`, `Nazwa`) VALUES (2, 'Lincoln'); -- Wstawia Dane do tabeli Producent
INSERT INTO `wypozyczalnia`.`Producent` (`idProducent`, `Nazwa`) VALUES (3, 'BMW'); -- Wstawia Dane do tabeli Producent
INSERT INTO `wypozyczalnia`.`Producent` (`idProducent`, `Nazwa`) VALUES (4, 'Nissan'); -- Wstawia Dane do tabeli Producent
INSERT INTO `wypozyczalnia`.`Producent` (`idProducent`, `Nazwa`) VALUES (5, 'Studebaker'); -- Wstawia Dane do tabeli Producent
INSERT INTO `wypozyczalnia`.`Producent` (`idProducent`, `Nazwa`) VALUES (6, 'Mazda'); -- Wstawia Dane do tabeli Producent
INSERT INTO `wypozyczalnia`.`Producent` (`idProducent`, `Nazwa`) VALUES (7, 'GMC'); -- Wstawia Dane do tabeli Producent
INSERT INTO `wypozyczalnia`.`Producent` (`idProducent`, `Nazwa`) VALUES (8, 'Toyota'); -- Wstawia Dane do tabeli Producent
INSERT INTO `wypozyczalnia`.`Producent` (`idProducent`, `Nazwa`) VALUES (9, 'Kia'); -- Wstawia Dane do tabeli Producent
INSERT INTO `wypozyczalnia`.`Producent` (`idProducent`, `Nazwa`) VALUES (10, 'Infiniti'); -- Wstawia Dane do tabeli Producent
INSERT INTO `wypozyczalnia`.`Producent` (`idProducent`, `Nazwa`) VALUES (11, 'Mercury'); -- Wstawia Dane do tabeli Producent
INSERT INTO `wypozyczalnia`.`Producent` (`idProducent`, `Nazwa`) VALUES (12, 'Chevrolet'); -- Wstawia Dane do tabeli Producent
INSERT INTO `wypozyczalnia`.`Producent` (`idProducent`, `Nazwa`) VALUES (13, 'Pontiac'); -- Wstawia Dane do tabeli Producent
INSERT INTO `wypozyczalnia`.`Producent` (`idProducent`, `Nazwa`) VALUES (14, 'Audi'); -- Wstawia Dane do tabeli Producent

COMMIT;


-- -----------------------------------------------------
-- Data for table `wypozyczalnia`.`Samochody`
-- -----------------------------------------------------
START TRANSACTION;
USE `wypozyczalnia`;
INSERT INTO `wypozyczalnia`.`Samochody` (`idSamochodu`, `Model`, `Cena`, `idProducenta`) VALUES (1, 'Century', 3613.64, 1); -- Wstawia Dane do tabeli Samochody
INSERT INTO `wypozyczalnia`.`Samochody` (`idSamochodu`, `Model`, `Cena`, `idProducenta`) VALUES (2, 'LeSabre', 3065.19, 1); -- Wstawia Dane do tabeli Samochody
INSERT INTO `wypozyczalnia`.`Samochody` (`idSamochodu`, `Model`, `Cena`, `idProducenta`) VALUES (3, 'Town Car', 3760.39, 2); -- Wstawia Dane do tabeli Samochody
INSERT INTO `wypozyczalnia`.`Samochody` (`idSamochodu`, `Model`, `Cena`, `idProducenta`) VALUES (4, 'M5', 4972.44, 3); -- Wstawia Dane do tabeli Samochody
INSERT INTO `wypozyczalnia`.`Samochody` (`idSamochodu`, `Model`, `Cena`, `idProducenta`) VALUES (5, 'Pathfinder', 3754.89, 4); -- Wstawia Dane do tabeli Samochody
INSERT INTO `wypozyczalnia`.`Samochody` (`idSamochodu`, `Model`, `Cena`, `idProducenta`) VALUES (6, 'Avanti', 2958.99, 5); -- Wstawia Dane do tabeli Samochody
INSERT INTO `wypozyczalnia`.`Samochody` (`idSamochodu`, `Model`, `Cena`, `idProducenta`) VALUES (7, 'CX-9', 3434.84, 6); -- Wstawia Dane do tabeli Samochody
INSERT INTO `wypozyczalnia`.`Samochody` (`idSamochodu`, `Model`, `Cena`, `idProducenta`) VALUES (8, 'Sierra', 3259.98, 7); -- Wstawia Dane do tabeli Samochody
INSERT INTO `wypozyczalnia`.`Samochody` (`idSamochodu`, `Model`, `Cena`, `idProducenta`) VALUES (9, 'Corolla', 4897.71, 8); -- Wstawia Dane do tabeli Samochody
INSERT INTO `wypozyczalnia`.`Samochody` (`idSamochodu`, `Model`, `Cena`, `idProducenta`) VALUES (10, 'Rio5', 3326.81, 9); -- Wstawia Dane do tabeli Samochody
INSERT INTO `wypozyczalnia`.`Samochody` (`idSamochodu`, `Model`, `Cena`, `idProducenta`) VALUES (11, 'Yukon XL 1500', 4953.31, 7); -- Wstawia Dane do tabeli Samochody
INSERT INTO `wypozyczalnia`.`Samochody` (`idSamochodu`, `Model`, `Cena`, `idProducenta`) VALUES (12, 'FX', 2991.47, 10); -- Wstawia Dane do tabeli Samochody
INSERT INTO `wypozyczalnia`.`Samochody` (`idSamochodu`, `Model`, `Cena`, `idProducenta`) VALUES (13, 'Century', 3610.54, 1); -- Wstawia Dane do tabeli Samochody
INSERT INTO `wypozyczalnia`.`Samochody` (`idSamochodu`, `Model`, `Cena`, `idProducenta`) VALUES (14, 'Capri', 4778.70, 11); -- Wstawia Dane do tabeli Samochody
INSERT INTO `wypozyczalnia`.`Samochody` (`idSamochodu`, `Model`, `Cena`, `idProducenta`) VALUES (15, 'X5', 3224.83, 3); -- Wstawia Dane do tabeli Samochody
INSERT INTO `wypozyczalnia`.`Samochody` (`idSamochodu`, `Model`, `Cena`, `idProducenta`) VALUES (16, 'Silverado', 4732.00, 12); -- Wstawia Dane do tabeli Samochody
INSERT INTO `wypozyczalnia`.`Samochody` (`idSamochodu`, `Model`, `Cena`, `idProducenta`) VALUES (17, 'Express', 4401.20, 12); -- Wstawia Dane do tabeli Samochody
INSERT INTO `wypozyczalnia`.`Samochody` (`idSamochodu`, `Model`, `Cena`, `idProducenta`) VALUES (18, 'Sunbird', 3389.01, 13); -- Wstawia Dane do tabeli Samochody
INSERT INTO `wypozyczalnia`.`Samochody` (`idSamochodu`, `Model`, `Cena`, `idProducenta`) VALUES (19, 'Sable', 3943.75, 11); -- Wstawia Dane do tabeli Samochody
INSERT INTO `wypozyczalnia`.`Samochody` (`idSamochodu`, `Model`, `Cena`, `idProducenta`) VALUES (20, 'RS6', 2660.39, 14); -- Wstawia Dane do tabeli Samochody

COMMIT;


-- -----------------------------------------------------
-- Data for table `wypozyczalnia`.`Klient`
-- -----------------------------------------------------
START TRANSACTION;
USE `wypozyczalnia`;
INSERT INTO `wypozyczalnia`.`Klient` (`idKlienta`, `Imie`, `Nazwisko`, `PESEL`) VALUES (1, 'Brenden', 'Stife', '54021477994'); -- Wstawia Dane do tabeli Klient
INSERT INTO `wypozyczalnia`.`Klient` (`idKlienta`, `Imie`, `Nazwisko`, `PESEL`) VALUES (2, 'Beryle', 'Money', '82030564822'); -- Wstawia Dane do tabeli Klient
INSERT INTO `wypozyczalnia`.`Klient` (`idKlienta`, `Imie`, `Nazwisko`, `PESEL`) VALUES (3, 'Hamid', 'Tod', '63041059477'); -- Wstawia Dane do tabeli Klient
INSERT INTO `wypozyczalnia`.`Klient` (`idKlienta`, `Imie`, `Nazwisko`, `PESEL`) VALUES (4, 'Marney', 'Brickwood', '49052026448'); -- Wstawia Dane do tabeli Klient
INSERT INTO `wypozyczalnia`.`Klient` (`idKlienta`, `Imie`, `Nazwisko`, `PESEL`) VALUES (5, 'Ailey', 'Cleyburn', '73021182817'); -- Wstawia Dane do tabeli Klient
INSERT INTO `wypozyczalnia`.`Klient` (`idKlienta`, `Imie`, `Nazwisko`, `PESEL`) VALUES (6, 'Constanta', 'Stayte', '85072515593'); -- Wstawia Dane do tabeli Klient
INSERT INTO `wypozyczalnia`.`Klient` (`idKlienta`, `Imie`, `Nazwisko`, `PESEL`) VALUES (7, 'Dayle', 'Ratt', '88031945567'); -- Wstawia Dane do tabeli Klient
INSERT INTO `wypozyczalnia`.`Klient` (`idKlienta`, `Imie`, `Nazwisko`, `PESEL`) VALUES (8, 'Natty', 'Gianninotti', '76091975293'); -- Wstawia Dane do tabeli Klient
INSERT INTO `wypozyczalnia`.`Klient` (`idKlienta`, `Imie`, `Nazwisko`, `PESEL`) VALUES (9, 'Andros', 'Birdwhistell', '57092697724'); -- Wstawia Dane do tabeli Klient
INSERT INTO `wypozyczalnia`.`Klient` (`idKlienta`, `Imie`, `Nazwisko`, `PESEL`) VALUES (10, 'Maritsa', 'Burtwhistle', '56071271382'); -- Wstawia Dane do tabeli Klient
INSERT INTO `wypozyczalnia`.`Klient` (`idKlienta`, `Imie`, `Nazwisko`, `PESEL`) VALUES (11, 'Winthrop', 'Grinston', '02241517824'); -- Wstawia Dane do tabeli Klient
INSERT INTO `wypozyczalnia`.`Klient` (`idKlienta`, `Imie`, `Nazwisko`, `PESEL`) VALUES (12, 'Marielle', 'McKinlay', '98041258311'); -- Wstawia Dane do tabeli Klient
INSERT INTO `wypozyczalnia`.`Klient` (`idKlienta`, `Imie`, `Nazwisko`, `PESEL`) VALUES (13, 'Casey', 'Melladew', '01270588861'); -- Wstawia Dane do tabeli Klient
INSERT INTO `wypozyczalnia`.`Klient` (`idKlienta`, `Imie`, `Nazwisko`, `PESEL`) VALUES (14, 'Tad', 'Dillingstone', '55110232122'); -- Wstawia Dane do tabeli Klient
INSERT INTO `wypozyczalnia`.`Klient` (`idKlienta`, `Imie`, `Nazwisko`, `PESEL`) VALUES (15, 'Izzy', 'Melwall', '88100138173'); -- Wstawia Dane do tabeli Klient
INSERT INTO `wypozyczalnia`.`Klient` (`idKlienta`, `Imie`, `Nazwisko`, `PESEL`) VALUES (16, 'Vaclav', 'McMahon', '93123085515'); -- Wstawia Dane do tabeli Klient
INSERT INTO `wypozyczalnia`.`Klient` (`idKlienta`, `Imie`, `Nazwisko`, `PESEL`) VALUES (17, 'Wade', 'Gimlet', '45092339939'); -- Wstawia Dane do tabeli Klient
INSERT INTO `wypozyczalnia`.`Klient` (`idKlienta`, `Imie`, `Nazwisko`, `PESEL`) VALUES (18, 'Marleah', 'Outridge', '49051993259'); -- Wstawia Dane do tabeli Klient
INSERT INTO `wypozyczalnia`.`Klient` (`idKlienta`, `Imie`, `Nazwisko`, `PESEL`) VALUES (19, 'Brittni', 'Boar', '47070294823'); -- Wstawia Dane do tabeli Klient
INSERT INTO `wypozyczalnia`.`Klient` (`idKlienta`, `Imie`, `Nazwisko`, `PESEL`) VALUES (20, 'Odo', 'Rispin', '91092378654'); -- Wstawia Dane do tabeli Klient

COMMIT;


-- -----------------------------------------------------
-- Data for table `wypozyczalnia`.`WynajeteSamochody`
-- -----------------------------------------------------
START TRANSACTION;
USE `wypozyczalnia`;
INSERT INTO `wypozyczalnia`.`WynajeteSamochody` (`idWynSamochodu`, `idSamochodu`, `idSalonu`) VALUES (1, 18, 2); -- Wstawia Dane do tabeli WynajeteSamochody
INSERT INTO `wypozyczalnia`.`WynajeteSamochody` (`idWynSamochodu`, `idSamochodu`, `idSalonu`) VALUES (2, 10, 3); -- Wstawia Dane do tabeli WynajeteSamochody
INSERT INTO `wypozyczalnia`.`WynajeteSamochody` (`idWynSamochodu`, `idSamochodu`, `idSalonu`) VALUES (3, 4, 8); -- Wstawia Dane do tabeli WynajeteSamochody
INSERT INTO `wypozyczalnia`.`WynajeteSamochody` (`idWynSamochodu`, `idSamochodu`, `idSalonu`) VALUES (4, 14, 9); -- Wstawia Dane do tabeli WynajeteSamochody
INSERT INTO `wypozyczalnia`.`WynajeteSamochody` (`idWynSamochodu`, `idSamochodu`, `idSalonu`) VALUES (5, 5, 3); -- Wstawia Dane do tabeli WynajeteSamochody
INSERT INTO `wypozyczalnia`.`WynajeteSamochody` (`idWynSamochodu`, `idSamochodu`, `idSalonu`) VALUES (6, 12, 5); -- Wstawia Dane do tabeli WynajeteSamochody
INSERT INTO `wypozyczalnia`.`WynajeteSamochody` (`idWynSamochodu`, `idSamochodu`, `idSalonu`) VALUES (7, 7, 8); -- Wstawia Dane do tabeli WynajeteSamochody
INSERT INTO `wypozyczalnia`.`WynajeteSamochody` (`idWynSamochodu`, `idSamochodu`, `idSalonu`) VALUES (8, 20, 3); -- Wstawia Dane do tabeli WynajeteSamochody
INSERT INTO `wypozyczalnia`.`WynajeteSamochody` (`idWynSamochodu`, `idSamochodu`, `idSalonu`) VALUES (9, 3, 6); -- Wstawia Dane do tabeli WynajeteSamochody
INSERT INTO `wypozyczalnia`.`WynajeteSamochody` (`idWynSamochodu`, `idSamochodu`, `idSalonu`) VALUES (10, 19, 1); -- Wstawia Dane do tabeli WynajeteSamochody

COMMIT;


-- -----------------------------------------------------
-- Data for table `wypozyczalnia`.`OkresWynajecia`
-- -----------------------------------------------------
START TRANSACTION;
USE `wypozyczalnia`;
INSERT INTO `wypozyczalnia`.`OkresWynajecia` (`idWynSamochodu`, `dataWyn`, `dataZak`) VALUES (1, '2018-08-06', '2021-01-22'); -- Wstawia Dane do tabeli OkresWynajecia
INSERT INTO `wypozyczalnia`.`OkresWynajecia` (`idWynSamochodu`, `dataWyn`, `dataZak`) VALUES (2, '2018-10-31', '2020-12-21'); -- Wstawia Dane do tabeli OkresWynajecia
INSERT INTO `wypozyczalnia`.`OkresWynajecia` (`idWynSamochodu`, `dataWyn`, `dataZak`) VALUES (3, '2018-08-14', '2021-04-03'); -- Wstawia Dane do tabeli OkresWynajecia
INSERT INTO `wypozyczalnia`.`OkresWynajecia` (`idWynSamochodu`, `dataWyn`, `dataZak`) VALUES (4, '2019-01-01', '2020-07-21'); -- Wstawia Dane do tabeli OkresWynajecia
INSERT INTO `wypozyczalnia`.`OkresWynajecia` (`idWynSamochodu`, `dataWyn`, `dataZak`) VALUES (5, '2019-02-25', '2020-08-11'); -- Wstawia Dane do tabeli OkresWynajecia
INSERT INTO `wypozyczalnia`.`OkresWynajecia` (`idWynSamochodu`, `dataWyn`, `dataZak`) VALUES (6, '2019-03-27', '2020-10-20'); -- Wstawia Dane do tabeli OkresWynajecia
INSERT INTO `wypozyczalnia`.`OkresWynajecia` (`idWynSamochodu`, `dataWyn`, `dataZak`) VALUES (7, '2019-02-25', '2021-04-10'); -- Wstawia Dane do tabeli OkresWynajecia
INSERT INTO `wypozyczalnia`.`OkresWynajecia` (`idWynSamochodu`, `dataWyn`, `dataZak`) VALUES (8, '2019-03-14', '2020-11-08'); -- Wstawia Dane do tabeli OkresWynajecia
INSERT INTO `wypozyczalnia`.`OkresWynajecia` (`idWynSamochodu`, `dataWyn`, `dataZak`) VALUES (9, '2018-10-12', '2021-03-25'); -- Wstawia Dane do tabeli OkresWynajecia
INSERT INTO `wypozyczalnia`.`OkresWynajecia` (`idWynSamochodu`, `dataWyn`, `dataZak`) VALUES (10, '2018-09-30', '2021-02-20'); -- Wstawia Dane do tabeli OkresWynajecia

COMMIT;


-- -----------------------------------------------------
-- Data for table `wypozyczalnia`.`Rezerwacje`
-- -----------------------------------------------------
START TRANSACTION;
USE `wypozyczalnia`;
INSERT INTO `wypozyczalnia`.`Rezerwacje` (`idRezerwacji`, `idKlienta`, `idSamochodu`, `idSalonu`) VALUES (1, 16, 16, 9); -- Wstawia Dane do tabeli Rezerwacje
INSERT INTO `wypozyczalnia`.`Rezerwacje` (`idRezerwacji`, `idKlienta`, `idSamochodu`, `idSalonu`) VALUES (2, 18, 5, 10); -- Wstawia Dane do tabeli Rezerwacje
INSERT INTO `wypozyczalnia`.`Rezerwacje` (`idRezerwacji`, `idKlienta`, `idSamochodu`, `idSalonu`) VALUES (3, 19, 7, 6); -- Wstawia Dane do tabeli Rezerwacje
INSERT INTO `wypozyczalnia`.`Rezerwacje` (`idRezerwacji`, `idKlienta`, `idSamochodu`, `idSalonu`) VALUES (4, 5, 8, 5); -- Wstawia Dane do tabeli Rezerwacje
INSERT INTO `wypozyczalnia`.`Rezerwacje` (`idRezerwacji`, `idKlienta`, `idSamochodu`, `idSalonu`) VALUES (5, 17, 18, 6); -- Wstawia Dane do tabeli Rezerwacje
INSERT INTO `wypozyczalnia`.`Rezerwacje` (`idRezerwacji`, `idKlienta`, `idSamochodu`, `idSalonu`) VALUES (6, 15, 11, 4); -- Wstawia Dane do tabeli Rezerwacje
INSERT INTO `wypozyczalnia`.`Rezerwacje` (`idRezerwacji`, `idKlienta`, `idSamochodu`, `idSalonu`) VALUES (7, 12, 3, 5); -- Wstawia Dane do tabeli Rezerwacje
INSERT INTO `wypozyczalnia`.`Rezerwacje` (`idRezerwacji`, `idKlienta`, `idSamochodu`, `idSalonu`) VALUES (8, 20, 4, 2); -- Wstawia Dane do tabeli Rezerwacje
INSERT INTO `wypozyczalnia`.`Rezerwacje` (`idRezerwacji`, `idKlienta`, `idSamochodu`, `idSalonu`) VALUES (9, 1, 9, 7); -- Wstawia Dane do tabeli Rezerwacje
INSERT INTO `wypozyczalnia`.`Rezerwacje` (`idRezerwacji`, `idKlienta`, `idSamochodu`, `idSalonu`) VALUES (10, 7, 6, 5); -- Wstawia Dane do tabeli Rezerwacje

COMMIT;


-- -----------------------------------------------------
-- Data for table `wypozyczalnia`.`OplataRezerwacji`
-- -----------------------------------------------------
START TRANSACTION;
USE `wypozyczalnia`;
INSERT INTO `wypozyczalnia`.`OplataRezerwacji` (`idRezerwacji`, `czyZaplacono`) VALUES (1, 0); -- Wstawia Dane do tabeli OplataRezerwacji
INSERT INTO `wypozyczalnia`.`OplataRezerwacji` (`idRezerwacji`, `czyZaplacono`) VALUES (2, 0); -- Wstawia Dane do tabeli OplataRezerwacji
INSERT INTO `wypozyczalnia`.`OplataRezerwacji` (`idRezerwacji`, `czyZaplacono`) VALUES (3, 0); -- Wstawia Dane do tabeli OplataRezerwacji
INSERT INTO `wypozyczalnia`.`OplataRezerwacji` (`idRezerwacji`, `czyZaplacono`) VALUES (4, 1); -- Wstawia Dane do tabeli OplataRezerwacji
INSERT INTO `wypozyczalnia`.`OplataRezerwacji` (`idRezerwacji`, `czyZaplacono`) VALUES (5, 1); -- Wstawia Dane do tabeli OplataRezerwacji
INSERT INTO `wypozyczalnia`.`OplataRezerwacji` (`idRezerwacji`, `czyZaplacono`) VALUES (6, 0); -- Wstawia Dane do tabeli OplataRezerwacji
INSERT INTO `wypozyczalnia`.`OplataRezerwacji` (`idRezerwacji`, `czyZaplacono`) VALUES (7, 0); -- Wstawia Dane do tabeli OplataRezerwacji
INSERT INTO `wypozyczalnia`.`OplataRezerwacji` (`idRezerwacji`, `czyZaplacono`) VALUES (8, 1); -- Wstawia Dane do tabeli OplataRezerwacji
INSERT INTO `wypozyczalnia`.`OplataRezerwacji` (`idRezerwacji`, `czyZaplacono`) VALUES (9, 1); -- Wstawia Dane do tabeli OplataRezerwacji
INSERT INTO `wypozyczalnia`.`OplataRezerwacji` (`idRezerwacji`, `czyZaplacono`) VALUES (10, 0); -- Wstawia Dane do tabeli OplataRezerwacji

COMMIT;


-- -----------------------------------------------------
-- Data for table `wypozyczalnia`.`DostepnoscSamochodu`
-- -----------------------------------------------------
START TRANSACTION;
USE `wypozyczalnia`;
INSERT INTO `wypozyczalnia`.`DostepnoscSamochodu` (`idSamochodu`, `idSalonu`, `Dostepnosc`) VALUES (12, 2, 0); -- Wstawia Dane do tabeli DostepnoscSamochodu
INSERT INTO `wypozyczalnia`.`DostepnoscSamochodu` (`idSamochodu`, `idSalonu`, `Dostepnosc`) VALUES (16, 7, 1); -- Wstawia Dane do tabeli DostepnoscSamochodu
INSERT INTO `wypozyczalnia`.`DostepnoscSamochodu` (`idSamochodu`, `idSalonu`, `Dostepnosc`) VALUES (20, 7, 1); -- Wstawia Dane do tabeli DostepnoscSamochodu
INSERT INTO `wypozyczalnia`.`DostepnoscSamochodu` (`idSamochodu`, `idSalonu`, `Dostepnosc`) VALUES (20, 10, 0); -- Wstawia Dane do tabeli DostepnoscSamochodu
INSERT INTO `wypozyczalnia`.`DostepnoscSamochodu` (`idSamochodu`, `idSalonu`, `Dostepnosc`) VALUES (20, 4, 1); -- Wstawia Dane do tabeli DostepnoscSamochodu
INSERT INTO `wypozyczalnia`.`DostepnoscSamochodu` (`idSamochodu`, `idSalonu`, `Dostepnosc`) VALUES (18, 10, 0); -- Wstawia Dane do tabeli DostepnoscSamochodu
INSERT INTO `wypozyczalnia`.`DostepnoscSamochodu` (`idSamochodu`, `idSalonu`, `Dostepnosc`) VALUES (7, 2, 0); -- Wstawia Dane do tabeli DostepnoscSamochodu
INSERT INTO `wypozyczalnia`.`DostepnoscSamochodu` (`idSamochodu`, `idSalonu`, `Dostepnosc`) VALUES (5, 9, 0); -- Wstawia Dane do tabeli DostepnoscSamochodu
INSERT INTO `wypozyczalnia`.`DostepnoscSamochodu` (`idSamochodu`, `idSalonu`, `Dostepnosc`) VALUES (16, 2, 1); -- Wstawia Dane do tabeli DostepnoscSamochodu
INSERT INTO `wypozyczalnia`.`DostepnoscSamochodu` (`idSamochodu`, `idSalonu`, `Dostepnosc`) VALUES (2, 1, 0); -- Wstawia Dane do tabeli DostepnoscSamochodu
INSERT INTO `wypozyczalnia`.`DostepnoscSamochodu` (`idSamochodu`, `idSalonu`, `Dostepnosc`) VALUES (17, 10, 1); -- Wstawia Dane do tabeli DostepnoscSamochodu
INSERT INTO `wypozyczalnia`.`DostepnoscSamochodu` (`idSamochodu`, `idSalonu`, `Dostepnosc`) VALUES (17, 4, 0); -- Wstawia Dane do tabeli DostepnoscSamochodu
INSERT INTO `wypozyczalnia`.`DostepnoscSamochodu` (`idSamochodu`, `idSalonu`, `Dostepnosc`) VALUES (17, 9, 1); -- Wstawia Dane do tabeli DostepnoscSamochodu
INSERT INTO `wypozyczalnia`.`DostepnoscSamochodu` (`idSamochodu`, `idSalonu`, `Dostepnosc`) VALUES (20, 7, 1); -- Wstawia Dane do tabeli DostepnoscSamochodu
INSERT INTO `wypozyczalnia`.`DostepnoscSamochodu` (`idSamochodu`, `idSalonu`, `Dostepnosc`) VALUES (11, 10, 1); -- Wstawia Dane do tabeli DostepnoscSamochodu
INSERT INTO `wypozyczalnia`.`DostepnoscSamochodu` (`idSamochodu`, `idSalonu`, `Dostepnosc`) VALUES (9, 10, 1); -- Wstawia Dane do tabeli DostepnoscSamochodu
INSERT INTO `wypozyczalnia`.`DostepnoscSamochodu` (`idSamochodu`, `idSalonu`, `Dostepnosc`) VALUES (9, 1, 0); -- Wstawia Dane do tabeli DostepnoscSamochodu
INSERT INTO `wypozyczalnia`.`DostepnoscSamochodu` (`idSamochodu`, `idSalonu`, `Dostepnosc`) VALUES (18, 4, 1); -- Wstawia Dane do tabeli DostepnoscSamochodu
INSERT INTO `wypozyczalnia`.`DostepnoscSamochodu` (`idSamochodu`, `idSalonu`, `Dostepnosc`) VALUES (6, 8, 0); -- Wstawia Dane do tabeli DostepnoscSamochodu
INSERT INTO `wypozyczalnia`.`DostepnoscSamochodu` (`idSamochodu`, `idSalonu`, `Dostepnosc`) VALUES (4, 3, 1); -- Wstawia Dane do tabeli DostepnoscSamochodu
INSERT INTO `wypozyczalnia`.`DostepnoscSamochodu` (`idSamochodu`, `idSalonu`, `Dostepnosc`) VALUES (9, 10, 1); -- Wstawia Dane do tabeli DostepnoscSamochodu
INSERT INTO `wypozyczalnia`.`DostepnoscSamochodu` (`idSamochodu`, `idSalonu`, `Dostepnosc`) VALUES (20, 9, 0); -- Wstawia Dane do tabeli DostepnoscSamochodu
INSERT INTO `wypozyczalnia`.`DostepnoscSamochodu` (`idSamochodu`, `idSalonu`, `Dostepnosc`) VALUES (5, 10, 0); -- Wstawia Dane do tabeli DostepnoscSamochodu
INSERT INTO `wypozyczalnia`.`DostepnoscSamochodu` (`idSamochodu`, `idSalonu`, `Dostepnosc`) VALUES (13, 1, 0); -- Wstawia Dane do tabeli DostepnoscSamochodu
INSERT INTO `wypozyczalnia`.`DostepnoscSamochodu` (`idSamochodu`, `idSalonu`, `Dostepnosc`) VALUES (14, 8, 0); -- Wstawia Dane do tabeli DostepnoscSamochodu
INSERT INTO `wypozyczalnia`.`DostepnoscSamochodu` (`idSamochodu`, `idSalonu`, `Dostepnosc`) VALUES (7, 9, 0); -- Wstawia Dane do tabeli DostepnoscSamochodu
INSERT INTO `wypozyczalnia`.`DostepnoscSamochodu` (`idSamochodu`, `idSalonu`, `Dostepnosc`) VALUES (13, 7, 1); -- Wstawia Dane do tabeli DostepnoscSamochodu
INSERT INTO `wypozyczalnia`.`DostepnoscSamochodu` (`idSamochodu`, `idSalonu`, `Dostepnosc`) VALUES (20, 8, 0); -- Wstawia Dane do tabeli DostepnoscSamochodu
INSERT INTO `wypozyczalnia`.`DostepnoscSamochodu` (`idSamochodu`, `idSalonu`, `Dostepnosc`) VALUES (15, 9, 0); -- Wstawia Dane do tabeli DostepnoscSamochodu
INSERT INTO `wypozyczalnia`.`DostepnoscSamochodu` (`idSamochodu`, `idSalonu`, `Dostepnosc`) VALUES (20, 6, 1); -- Wstawia Dane do tabeli DostepnoscSamochodu

COMMIT;


-- -----------------------------------------------------
-- Data for table `wypozyczalnia`.`PrzezKogoWynajete`
-- -----------------------------------------------------
START TRANSACTION;
USE `wypozyczalnia`;
INSERT INTO `wypozyczalnia`.`PrzezKogoWynajete` (`idWynSamochodu`, `idKlienta`) VALUES (1, 12); -- Wstawia Dane do tabeli PrzezKogoWynajete
INSERT INTO `wypozyczalnia`.`PrzezKogoWynajete` (`idWynSamochodu`, `idKlienta`) VALUES (2, 8); -- Wstawia Dane do tabeli PrzezKogoWynajete
INSERT INTO `wypozyczalnia`.`PrzezKogoWynajete` (`idWynSamochodu`, `idKlienta`) VALUES (3, 17); -- Wstawia Dane do tabeli PrzezKogoWynajete
INSERT INTO `wypozyczalnia`.`PrzezKogoWynajete` (`idWynSamochodu`, `idKlienta`) VALUES (4, 15); -- Wstawia Dane do tabeli PrzezKogoWynajete
INSERT INTO `wypozyczalnia`.`PrzezKogoWynajete` (`idWynSamochodu`, `idKlienta`) VALUES (5, 16); -- Wstawia Dane do tabeli PrzezKogoWynajete
INSERT INTO `wypozyczalnia`.`PrzezKogoWynajete` (`idWynSamochodu`, `idKlienta`) VALUES (6, 1); -- Wstawia Dane do tabeli PrzezKogoWynajete
INSERT INTO `wypozyczalnia`.`PrzezKogoWynajete` (`idWynSamochodu`, `idKlienta`) VALUES (7, 2); -- Wstawia Dane do tabeli PrzezKogoWynajete
INSERT INTO `wypozyczalnia`.`PrzezKogoWynajete` (`idWynSamochodu`, `idKlienta`) VALUES (8, 7); -- Wstawia Dane do tabeli PrzezKogoWynajete
INSERT INTO `wypozyczalnia`.`PrzezKogoWynajete` (`idWynSamochodu`, `idKlienta`) VALUES (9, 13); -- Wstawia Dane do tabeli PrzezKogoWynajete
INSERT INTO `wypozyczalnia`.`PrzezKogoWynajete` (`idWynSamochodu`, `idKlienta`) VALUES (10, 20); -- Wstawia Dane do tabeli PrzezKogoWynajete

COMMIT;

-- -----------------------------------------------------
-- Data for table `wypozyczalnia`.`DaneKontaktoweKlienta`
-- -----------------------------------------------------
START TRANSACTION;
USE `wypozyczalnia`;
INSERT INTO `wypozyczalnia`.`DaneKontaktoweKlienta` (`idKlienta`, `nrTelefonu`, `email`) VALUES (1, '438968534', 'rkavanagh0@aboutads.info'); -- Wstawia Dane do tabeli DaneKontaktoweKlienta
INSERT INTO `wypozyczalnia`.`DaneKontaktoweKlienta` (`idKlienta`, `nrTelefonu`, `email`) VALUES (2, '689749366', 'ktoor1@mayoclinic.com'); -- Wstawia Dane do tabeli DaneKontaktoweKlienta
INSERT INTO `wypozyczalnia`.`DaneKontaktoweKlienta` (`idKlienta`, `nrTelefonu`, `email`) VALUES (3, '597101701', 'hwillshear2@surveymonkey.com'); -- Wstawia Dane do tabeli DaneKontaktoweKlienta
INSERT INTO `wypozyczalnia`.`DaneKontaktoweKlienta` (`idKlienta`, `nrTelefonu`, `email`) VALUES (4, '701381790', 'tstit3@google.com.au'); -- Wstawia Dane do tabeli DaneKontaktoweKlienta
INSERT INTO `wypozyczalnia`.`DaneKontaktoweKlienta` (`idKlienta`, `nrTelefonu`, `email`) VALUES (5, '327980909', 'tkneel4@blogspot.com'); -- Wstawia Dane do tabeli DaneKontaktoweKlienta
INSERT INTO `wypozyczalnia`.`DaneKontaktoweKlienta` (`idKlienta`, `nrTelefonu`, `email`) VALUES (6, '606659057', 'pmilmith5@microsoft.com'); -- Wstawia Dane do tabeli DaneKontaktoweKlienta
INSERT INTO `wypozyczalnia`.`DaneKontaktoweKlienta` (`idKlienta`, `nrTelefonu`, `email`) VALUES (7, '396305486', 'cmonteaux6@nytimes.com'); -- Wstawia Dane do tabeli DaneKontaktoweKlienta
INSERT INTO `wypozyczalnia`.`DaneKontaktoweKlienta` (`idKlienta`, `nrTelefonu`, `email`) VALUES (8, '865049358', 'gbeggs7@amazon.de'); -- Wstawia Dane do tabeli DaneKontaktoweKlienta
INSERT INTO `wypozyczalnia`.`DaneKontaktoweKlienta` (`idKlienta`, `nrTelefonu`, `email`) VALUES (9, '658921741', 'jdaft8@state.tx.us'); -- Wstawia Dane do tabeli DaneKontaktoweKlienta
INSERT INTO `wypozyczalnia`.`DaneKontaktoweKlienta` (`idKlienta`, `nrTelefonu`, `email`) VALUES (10, '918560732', 'areide9@abc.net.au'); -- Wstawia Dane do tabeli DaneKontaktoweKlienta
INSERT INTO `wypozyczalnia`.`DaneKontaktoweKlienta` (`idKlienta`, `nrTelefonu`, `email`) VALUES (11, '886459961', 'rfolbigea@cisco.com'); -- Wstawia Dane do tabeli DaneKontaktoweKlienta
INSERT INTO `wypozyczalnia`.`DaneKontaktoweKlienta` (`idKlienta`, `nrTelefonu`, `email`) VALUES (12, '884726246', 'wtrainerb@globo.com'); -- Wstawia Dane do tabeli DaneKontaktoweKlienta
INSERT INTO `wypozyczalnia`.`DaneKontaktoweKlienta` (`idKlienta`, `nrTelefonu`, `email`) VALUES (13, '728794144', 'syorkc@360.cn'); -- Wstawia Dane do tabeli DaneKontaktoweKlienta
INSERT INTO `wypozyczalnia`.`DaneKontaktoweKlienta` (`idKlienta`, `nrTelefonu`, `email`) VALUES (14, '191962615', 'lduddled@nih.gov'); -- Wstawia Dane do tabeli DaneKontaktoweKlienta
INSERT INTO `wypozyczalnia`.`DaneKontaktoweKlienta` (`idKlienta`, `nrTelefonu`, `email`) VALUES (15, '362307829', 'dcastroe@drupal.org'); -- Wstawia Dane do tabeli DaneKontaktoweKlienta
INSERT INTO `wypozyczalnia`.`DaneKontaktoweKlienta` (`idKlienta`, `nrTelefonu`, `email`) VALUES (16, '188320412', 'kmarthenf@csmonitor.com'); -- Wstawia Dane do tabeli DaneKontaktoweKlienta
INSERT INTO `wypozyczalnia`.`DaneKontaktoweKlienta` (`idKlienta`, `nrTelefonu`, `email`) VALUES (17, '979647721', 'vgardeng@feedburner.com'); -- Wstawia Dane do tabeli DaneKontaktoweKlienta
INSERT INTO `wypozyczalnia`.`DaneKontaktoweKlienta` (`idKlienta`, `nrTelefonu`, `email`) VALUES (18, '853135679', 'abrownetth@myspace.com'); -- Wstawia Dane do tabeli DaneKontaktoweKlienta
INSERT INTO `wypozyczalnia`.`DaneKontaktoweKlienta` (`idKlienta`, `nrTelefonu`, `email`) VALUES (19, '815886305', 'ahineri@harvard.edu'); -- Wstawia Dane do tabeli DaneKontaktoweKlienta
INSERT INTO `wypozyczalnia`.`DaneKontaktoweKlienta` (`idKlienta`, `nrTelefonu`, `email`) VALUES (20, '687811241', 'hdenisetj@blogtalkradio.com'); -- Wstawia Dane do tabeli DaneKontaktoweKlienta

COMMIT;


-- -----------------------------------------------------
-- Data for table `wypozyczalnia`.`DaneKontaktowePracownika`
-- -----------------------------------------------------
START TRANSACTION;
USE `wypozyczalnia`;
INSERT INTO `wypozyczalnia`.`DaneKontaktowePracownika` (`idPracownika`, `nrTelefonu`, `email`) VALUES (1, '908559425', 'cmadill0@oakley.com'); -- Wstawia Dane do tabeli DaneKontaktowePracownika
INSERT INTO `wypozyczalnia`.`DaneKontaktowePracownika` (`idPracownika`, `nrTelefonu`, `email`) VALUES (2, '809136746', 'ktiltman1@jugem.jp'); -- Wstawia Dane do tabeli DaneKontaktowePracownika
INSERT INTO `wypozyczalnia`.`DaneKontaktowePracownika` (`idPracownika`, `nrTelefonu`, `email`) VALUES (3, '969564342', 'ogrocutt2@walmart.com'); -- Wstawia Dane do tabeli DaneKontaktowePracownika
INSERT INTO `wypozyczalnia`.`DaneKontaktowePracownika` (`idPracownika`, `nrTelefonu`, `email`) VALUES (4, '265920806', 'chaime3@pinterest.com'); -- Wstawia Dane do tabeli DaneKontaktowePracownika
INSERT INTO `wypozyczalnia`.`DaneKontaktowePracownika` (`idPracownika`, `nrTelefonu`, `email`) VALUES (5, '165691369', 'rpittel4@stumbleupon.com'); -- Wstawia Dane do tabeli DaneKontaktowePracownika
INSERT INTO `wypozyczalnia`.`DaneKontaktowePracownika` (`idPracownika`, `nrTelefonu`, `email`) VALUES (6, '263257114', 'mnutten5@ft.com'); -- Wstawia Dane do tabeli DaneKontaktowePracownika
INSERT INTO `wypozyczalnia`.`DaneKontaktowePracownika` (`idPracownika`, `nrTelefonu`, `email`) VALUES (7, '223616625', 'lklas6@seesaa.net'); -- Wstawia Dane do tabeli DaneKontaktowePracownika
INSERT INTO `wypozyczalnia`.`DaneKontaktowePracownika` (`idPracownika`, `nrTelefonu`, `email`) VALUES (8, '701681610', 'sbalstone7@technorati.com'); -- Wstawia Dane do tabeli DaneKontaktowePracownika
INSERT INTO `wypozyczalnia`.`DaneKontaktowePracownika` (`idPracownika`, `nrTelefonu`, `email`) VALUES (9, '475702558', 'mdelatour8@miitbeian.gov.cn'); -- Wstawia Dane do tabeli DaneKontaktowePracownika
INSERT INTO `wypozyczalnia`.`DaneKontaktowePracownika` (`idPracownika`, `nrTelefonu`, `email`) VALUES (10, '321649952', 'ahazzard9@buzzfeed.com'); -- Wstawia Dane do tabeli DaneKontaktowePracownika

COMMIT;


alter table wypozyczalnia.pracownicy
ADD CONSTRAINT idPrzelozonego
FOREIGN KEY (idPrzelozonego) REFERENCES wypozyczalnia.pracownicy(idPracownika); -- Modyfikuje tabele pracownicy dodająć klucz obcy idPrzelozonego wskazujący na pole idPracownika z tabeli pracownicy